Name,Surname,Age
William,Duval,william.duval@example.com
Zoé,Blanc,zoe.blanc@example.com
Lily,Ross,lily.ross@example.com
Özsu,Ayaydın,ozsu.ayaydin@example.com
Tristan,Andersen,tristan.andersen@example.com
Nicole,Henderson,nicole.henderson@example.com
Patricia,Vega,patricia.vega@example.com
Ömür,Adal,omur.adal@example.com
علی رضا,حسینی,aalyrd.hsyny@example.com
Freja,Møller,freja.moller@example.com
Miguel,Webb,miguel.webb@example.com
Nicklas,Poulsen,nicklas.poulsen@example.com
Jayden,Peck,jayden.peck@example.com
Bernd,Lefebvre,bernd.lefebvre@example.com
Craig,Fitzpatrick,craig.fitzpatrick@example.com
Theda,Haus,theda.haus@example.com
Ayşe,Çatalbaş,ayse.catalbas@example.com
Alexis,Anderson,alexis.anderson@example.com
Laurie,Ma,laurie.ma@example.com
Çetin,Okumuş,cetin.okumus@example.com
Even,Bjerkeli,even.bjerkeli@example.com
Diya,Duin,diya.duin@example.com
Valentina,Lemaire,valentina.lemaire@example.com
Esat,Ayverdi,esat.ayverdi@example.com
علی,كامياران,aaly.kmyrn@example.com
Finn,Hughes,finn.hughes@example.com
Zachary,Hall,zachary.hall@example.com
Rafael,Moya,rafael.moya@example.com
میلاد,زارعی,myld.zraay@example.com
Dylan,Gauthier,dylan.gauthier@example.com
Jucemira,Porto,jucemira.porto@example.com
عرشيا,نجاتی,aarshy.njty@example.com
Sigurd,Heisig,sigurd.heisig@example.com
Juana,Diaz,juana.diaz@example.com
Deborah,Edwards,deborah.edwards@example.com
Lloyd,Obrien,lloyd.obrien@example.com
Justine,Andersen,justine.andersen@example.com
Joana,Rodriguez,joana.rodriguez@example.com
Isla,Martin,isla.martin@example.com
Jimmie,Cole,jimmie.cole@example.com
Alejandro,Vega,alejandro.vega@example.com
Basile,Pierre,basile.pierre@example.com
دینا,كامياران,dyn.kmyrn@example.com
Christoffer,Jørgensen,christoffer.jorgensen@example.com
Tommy,Munthe,tommy.munthe@example.com
Aleksi,Wainio,aleksi.wainio@example.com
Marcus,Carter,marcus.carter@example.com
Rosa,Carmona,rosa.carmona@example.com
Vicky,Peterson,vicky.peterson@example.com
Simon,Berger,simon.berger@example.com
Kerim,Ayverdi,kerim.ayverdi@example.com
Kübra,Erberk,kubra.erberk@example.com
Julia,Kivela,julia.kivela@example.com
Ronald,Roger,ronald.roger@example.com
Afet,Çetiner,afet.cetiner@example.com
Roland,Carpenter,roland.carpenter@example.com
Ayla,White,ayla.white@example.com
رادین,نكو نظر,rdyn.nkwnzr@example.com
Efe,Samancı,efe.samanci@example.com
Mechtild,Kretschmer,mechtild.kretschmer@example.com
Theodore,Robinson,theodore.robinson@example.com
Dawid,Øie,dawid.oie@example.com
Frida,Møller,frida.moller@example.com
Summer,Jackson,summer.jackson@example.com
Necati,Berberoğlu,necati.berberoglu@example.com
Bradley,Sanchez,bradley.sanchez@example.com
Isabella,Sørensen,isabella.sorensen@example.com
Vildan,Avan,vildan.avan@example.com
Sylvie,Mäder,sylvie.mader@example.com
Rocio,Castillo,rocio.castillo@example.com
Sedef,Taşlı,sedef.tasli@example.com
Alexis,Bergeron,alexis.bergeron@example.com
Elora,Verhage,elora.verhage@example.com
Alice,King,alice.king@example.com
Ali,Ertürk,ali.erturk@example.com
Benjamin,Gill,benjamin.gill@example.com
Aila,Dalaker,aila.dalaker@example.com
Eemeli,Jutila,eemeli.jutila@example.com
Danny,Campbell,danny.campbell@example.com
Youp,Gremmen,youp.gremmen@example.com
Jason,Hall,jason.hall@example.com
Valentine,De Kreij,valentine.dekreij@example.com
Gilbert,Silva,gilbert.silva@example.com
Ali,Hakyemez,ali.hakyemez@example.com
Josef,Morin,josef.morin@example.com
Arlene,Ramos,arlene.ramos@example.com
Abraão,Carvalho,abraao.carvalho@example.com
Lucas,Ginnish,lucas.ginnish@example.com
Latife,Türkyılmaz,latife.turkyilmaz@example.com
Ece,Paksüt,ece.paksut@example.com
Lauro,Monteiro,lauro.monteiro@example.com
Josefa,Ramirez,josefa.ramirez@example.com
Maxine,Collins,maxine.collins@example.com
Karine,Skagestad,karine.skagestad@example.com
Alice,Phillips,alice.phillips@example.com
Emma,Toivonen,emma.toivonen@example.com
Amy,Lavoie,amy.lavoie@example.com
Soledad,Gallardo,soledad.gallardo@example.com
Nanna,Jensen,nanna.jensen@example.com
Begüm,Alnıaçık,begum.alniacik@example.com
Victor,Marchand,victor.marchand@example.com
Lotta,Kivisto,lotta.kivisto@example.com
Özcan,Boll,ozcan.boll@example.com
Summer,Turner,summer.turner@example.com
Raquel,Esteban,raquel.esteban@example.com
Noah,Møller,noah.moller@example.com
John,Brown,john.brown@example.com
Anita,Campos,anita.campos@example.com
Clarence,Frazier,clarence.frazier@example.com
ملینا,نجاتی,mlyn.njty@example.com
Valerie,Collins,valerie.collins@example.com
Valeria,Guerin,valeria.guerin@example.com
Rachel,Howard,rachel.howard@example.com
Felix,Gagné,felix.gagne@example.com
Emmi,Aalto,emmi.aalto@example.com
Estelle,Colin,estelle.colin@example.com
Celso,Ramos,celso.ramos@example.com
Isla,Salonen,isla.salonen@example.com
Maeva,Wilson,maeva.wilson@example.com
Çetin,Çetiner,cetin.cetiner@example.com
Emma,Haataja,emma.haataja@example.com
Jurema,Sales,jurema.sales@example.com
Alisa,Haataja,alisa.haataja@example.com
Lidia,Delgado,lidia.delgado@example.com
Matthew,Jones,matthew.jones@example.com
Kristina,Rodriquez,kristina.rodriquez@example.com
Isabella,Ennis,isabella.ennis@example.com
Freddie,Jordan,freddie.jordan@example.com
Jaxon,Martin,jaxon.martin@example.com
Roope,Pesola,roope.pesola@example.com
Alba,Vika,alba.vika@example.com
بنیامین,موسوی,bnymyn.mwswy@example.com
Piper,Turner,piper.turner@example.com
Isabel,Masson,isabel.masson@example.com
Alfonso,Rodriguez,alfonso.rodriguez@example.com
Per,Ommundsen,per.ommundsen@example.com
Julie,Kristensen,julie.kristensen@example.com
Frederik,Kristensen,frederik.kristensen@example.com
Floyd,Tucker,floyd.tucker@example.com
Lias,Honningsvåg,lias.honningsvag@example.com
Anton,Ahonen,anton.ahonen@example.com
Kristian,Koornneef,kristian.koornneef@example.com
Rose,French,rose.french@example.com
Daniel,Peltonen,daniel.peltonen@example.com
Herminia,Holmes,herminia.holmes@example.com
Cameron,Owens,cameron.owens@example.com
Heitor,Castro,heitor.castro@example.com
Diego,Vicente,diego.vicente@example.com
باران,حیدری,brn.hydry@example.com
Nina,Williams,nina.williams@example.com
Mario,Roche,mario.roche@example.com
Carolyn,Omahony,carolyn.omahony@example.com
Tim,Dupont,tim.dupont@example.com
Vasco,Teixeira,vasco.teixeira@example.com
Ronja,Ahonen,ronja.ahonen@example.com
Noémie,Harcourt,noemie.harcourt@example.com
Esma,Kılıççı,esma.kilicci@example.com
Alisa,Saarela,alisa.saarela@example.com
سینا,صدر,syn.sdr@example.com
Marlene,Roger,marlene.roger@example.com
Zachary,Snyder,zachary.snyder@example.com
Maxime,Johnson,maxime.johnson@example.com
Thomas,Margaret,thomas.margaret@example.com
James,Andersen,james.andersen@example.com
Alexander,Rehman,alexander.rehman@example.com
Alexander,Harvey,alexander.harvey@example.com
Martinius,Bakkeli,martinius.bakkeli@example.com
Okan,Özdoğan,okan.ozdogan@example.com
Wolf,Weitz,wolf.weitz@example.com
Odin,Erland,odin.erland@example.com
Phillip,Parker,phillip.parker@example.com
عسل,حیدری,aasl.hydry@example.com
Aguinaldo,Peixoto,aguinaldo.peixoto@example.com
Ramon,Diez,ramon.diez@example.com
یسنا,رضایی,ysn.rdyy@example.com
Roope,Nurmi,roope.nurmi@example.com
Beverley,Watson,beverley.watson@example.com
Juho,Jokinen,juho.jokinen@example.com
Aubri,Almeida,aubri.almeida@example.com
Willow,Hughes,willow.hughes@example.com
Angela,Hernandez,angela.hernandez@example.com
Jesus,Navarro,jesus.navarro@example.com
Allan,Brewer,allan.brewer@example.com
Johnni,Romero,johnni.romero@example.com
Henrique,Nunes,henrique.nunes@example.com
Leonore,Mengel,leonore.mengel@example.com
Alexandra,Wang,alexandra.wang@example.com
Elli,Laakso,elli.laakso@example.com
Daniel,Madsen,daniel.madsen@example.com
Karlheinz,Kemmer,karlheinz.kemmer@example.com
Storm,Kristensen,storm.kristensen@example.com
Çetin,Özkara,cetin.ozkara@example.com
Regine,Mueller,regine.mueller@example.com
Perry,Morales,perry.morales@example.com
Emil,Christensen,emil.christensen@example.com
Maja,Andersen,maja.andersen@example.com
Colette,Leclercq,colette.leclercq@example.com
Karim,Grude,karim.grude@example.com
Lorenzo,Denis,lorenzo.denis@example.com
Aaron,Taylor,aaron.taylor@example.com
Ahmet,Özberk,ahmet.ozberk@example.com
Oliver,Edwards,oliver.edwards@example.com
Franco,Moreau,franco.moreau@example.com
Isabell,Tiedemann,isabell.tiedemann@example.com
Quinn,Williams,quinn.williams@example.com
Tyrone,Hopkins,tyrone.hopkins@example.com
رونیکا,سهيلي راد,rwnykh.shylyrd@example.com
Ece,Yazıcı,ece.yazici@example.com
Craig,Hanson,craig.hanson@example.com
Bünyamin,Van de Vondervoort,bunyamin.vandevondervoort@example.com
Gualter,Ferreira,gualter.ferreira@example.com
Niilo,Ojala,niilo.ojala@example.com
ثنا,یاسمی,thn.ysmy@example.com
Naja,Jensen,naja.jensen@example.com
Tim,Escher,tim.escher@example.com
Madison,Singh,madison.singh@example.com
Victor,Meyer,victor.meyer@example.com
علی رضا,نكو نظر,aalyrd.nkwnzr@example.com
Catalina,Pastor,catalina.pastor@example.com
بهاره,یاسمی,bhrh.ysmy@example.com
Anneline,Aksoy,anneline.aksoy@example.com
Teresa,Rojas,teresa.rojas@example.com
Isabelle,Murray,isabelle.murray@example.com
Maja,Gaillard,maja.gaillard@example.com
James,Peixoto,james.peixoto@example.com
Mads,Christensen,mads.christensen@example.com
Troy,Rhodes,troy.rhodes@example.com
Colin,Hovda,colin.hovda@example.com
Duane,Fitzsimmons,duane.fitzsimmons@example.com
Amalie,Larsen,amalie.larsen@example.com
Javier,Hernandez,javier.hernandez@example.com
Savannah,Fuller,savannah.fuller@example.com
Natalie,Green,natalie.green@example.com
Amalie,Madsen,amalie.madsen@example.com
Isabelle,Porter,isabelle.porter@example.com
Josh,Cox,josh.cox@example.com
Avery,Bradley,avery.bradley@example.com
Megan,Payne,megan.payne@example.com
Lias,Pires,lias.pires@example.com
Isaiah,Carlson,isaiah.carlson@example.com
Melissa,Webb,melissa.webb@example.com
Maria,Jensen,maria.jensen@example.com
Ceylan,Aydan,ceylan.aydan@example.com
Ryder,Claire,ryder.claire@example.com
Katrine,Jensen,katrine.jensen@example.com
Mehmet,Bakırcıoğlu,mehmet.bakircioglu@example.com
Neil,Kim,neil.kim@example.com
Alicia,Mendez,alicia.mendez@example.com
Shahid,De Wilt,shahid.dewilt@example.com
Clément,Roger,clement.roger@example.com
Clara,Addy,clara.addy@example.com
Francis,Sanchez,francis.sanchez@example.com
Hanifi,Kramp,hanifi.kramp@example.com
Nina,Burke,nina.burke@example.com
Elif,Øverbø,elif.overbo@example.com
پارسا,گلشن,prs.glshn@example.com
Helma,Epskamp,helma.epskamp@example.com
Maricelda,Moura,maricelda.moura@example.com
Eelis,Sippola,eelis.sippola@example.com
Anthony,Sims,anthony.sims@example.com
Ava,Coleman,ava.coleman@example.com
Manuel,Lawrence,manuel.lawrence@example.com
Amadeus,Fosen,amadeus.fosen@example.com
Luukas,Juntunen,luukas.juntunen@example.com
Ricky,Matthews,ricky.matthews@example.com
Jonathan,Mortensen,jonathan.mortensen@example.com
رها,گلشن,rh.glshn@example.com
Melissa,May,melissa.may@example.com
نيما,زارعی,nym.zraay@example.com
Cosimo,Teubner,cosimo.teubner@example.com
Arcílio,Pereira,arcilio.pereira@example.com
Ali,Nebioğlu,ali.nebioglu@example.com
Ömür,Çankaya,omur.cankaya@example.com
Blake,Rose,blake.rose@example.com
Dean,Rose,dean.rose@example.com
Jade,Patel,jade.patel@example.com
Luigi,Faust,luigi.faust@example.com
Everett,Scott,everett.scott@example.com
Florence,Phillips,florence.phillips@example.com
آوا,علیزاده,aw.aalyzdh@example.com
Abigail,Wood,abigail.wood@example.com
Gonca,Aydan,gonca.aydan@example.com
Alexandre,Gauthier,alexandre.gauthier@example.com
Thomas,Ginnish,thomas.ginnish@example.com
Gerold,Kemper,gerold.kemper@example.com
Charlotte,Ryan,charlotte.ryan@example.com
Noah,Jennings,noah.jennings@example.com
Armando,Clark,armando.clark@example.com
Phillip,May,phillip.may@example.com
Aurora,Smith,aurora.smith@example.com
Ana,Colin,ana.colin@example.com
Marcus,Li,marcus.li@example.com
Isaac,Brown,isaac.brown@example.com
Tyler,Wagner,tyler.wagner@example.com
Holly,White,holly.white@example.com
Lorraine,Parker,lorraine.parker@example.com
Lycke,Brevik,lycke.brevik@example.com
Mercedes,Ortiz,mercedes.ortiz@example.com
Rosalba,Pereira,rosalba.pereira@example.com
Owen,Cook,owen.cook@example.com
Maurício,Moura,mauricio.moura@example.com
Alfred,Poulsen,alfred.poulsen@example.com
Jesus,Fleming,jesus.fleming@example.com
Ilir,Rodriguez,ilir.rodriguez@example.com
Maximilian,Gonzalez,maximilian.gonzalez@example.com
Justin,Jean,justin.jean@example.com
Fredrikke,Sem,fredrikke.sem@example.com
Charlie,Hall,charlie.hall@example.com
Clifton,Myers,clifton.myers@example.com
Tymon,Vestbø,tymon.vestbo@example.com
Brendan,Little,brendan.little@example.com
Dinand,Van Langen,dinand.vanlangen@example.com
Guerete,Ferreira,guerete.ferreira@example.com
Maia,Lieng,maia.lieng@example.com
Tia,Otnes,tia.otnes@example.com
Dale,Mckinney,dale.mckinney@example.com
Jeanne,Chu,jeanne.chu@example.com
Roland,Bertrand,roland.bertrand@example.com
Elle,Gussiås,elle.gussias@example.com
Joan,Mora,joan.mora@example.com
Augustin,Brun,augustin.brun@example.com
Koray,Tunaboylu,koray.tunaboylu@example.com
Alfredo,Roberts,alfredo.roberts@example.com
Nerea,Montero,nerea.montero@example.com
Tristan,Neal,tristan.neal@example.com
Ali,Schmitt,ali.schmitt@example.com
Dijana,Aubert,dijana.aubert@example.com
Aya,Worm,aya.worm@example.com
Cameron,Ellis,cameron.ellis@example.com
Kadir,Solmaz,kadir.solmaz@example.com
Martha,Richardson,martha.richardson@example.com
Norisete,Cardoso,norisete.cardoso@example.com
Crispiana,Araújo,crispiana.araujo@example.com
Lena,Foster,lena.foster@example.com
Kitty,Van Maren,kitty.vanmaren@example.com
Beate,Kröber,beate.krober@example.com
Anja,Bjørkheim,anja.bjorkheim@example.com
Roope,Lepisto,roope.lepisto@example.com
Miro,Lehtola,miro.lehtola@example.com
Cameron,Geertsma,cameron.geertsma@example.com
Kent,Pierce,kent.pierce@example.com
Brett,Simmons,brett.simmons@example.com
Alexia,Fournier,alexia.fournier@example.com
Frances,Evans,frances.evans@example.com
Maurice,Patterson,maurice.patterson@example.com
Aurora,Leclerc,aurora.leclerc@example.com
Terra,Owens,terra.owens@example.com
Aurélien,Meyer,aurelien.meyer@example.com
Matilde,Gonçalves,matilde.goncalves@example.com
Anton,Laine,anton.laine@example.com
Gildásio,Barbosa,gildasio.barbosa@example.com
Adam,Hunter,adam.hunter@example.com
Matthieu,Deschamps,matthieu.deschamps@example.com
Marilou,Patel,marilou.patel@example.com
Angelica,Leroux,angelica.leroux@example.com
Abelâmio,Melo,abelamio.melo@example.com
Jesus,Rubio,jesus.rubio@example.com
Zoé,Martin,zoe.martin@example.com
Jeremiah,Dean,jeremiah.dean@example.com
Mirco,Leclercq,mirco.leclercq@example.com
Mikael,Hanka,mikael.hanka@example.com
Diana,Ray,diana.ray@example.com
Michelle,Porter,michelle.porter@example.com
Branka,Wille,branka.wille@example.com
Julian,Blanco,julian.blanco@example.com
Katherine,Dunn,katherine.dunn@example.com
Leslie,Carr,leslie.carr@example.com
Clémentine,Meunier,clementine.meunier@example.com
Steffi,Wiesner,steffi.wiesner@example.com
Patricia,Aguilar,patricia.aguilar@example.com
Sylvio,Gottwald,sylvio.gottwald@example.com
Ceylan,Akman,ceylan.akman@example.com
Brecht,Boomgaard,brecht.boomgaard@example.com
Kevin,Gonzales,kevin.gonzales@example.com
کوروش,کامروا,khwrwsh.khmrw@example.com
Leah,Moore,leah.moore@example.com
Ethel,Hawkins,ethel.hawkins@example.com
هستی,زارعی,hsty.zraay@example.com
Timeo,Duval,timeo.duval@example.com
Marie,Carr,marie.carr@example.com
Hans-Josef,Köppel,hans-josef.koppel@example.com
Angelika,Effenberger,angelika.effenberger@example.com
Aada,Hakola,aada.hakola@example.com
Eloane,Sanchez,eloane.sanchez@example.com
Elfie,Behr,elfie.behr@example.com
Dwight,Mcdonalid,dwight.mcdonalid@example.com
Kim,Kennedy,kim.kennedy@example.com
Chris,Peterson,chris.peterson@example.com
Eva,Harris,eva.harris@example.com
Jordan,Crawford,jordan.crawford@example.com
Jasmine,Young,jasmine.young@example.com
Mason,Lavoie,mason.lavoie@example.com
Macit,Yıldızoğlu,macit.yildizoglu@example.com
Ezra,Brown,ezra.brown@example.com
Dorothe,Günzel,dorothe.gunzel@example.com
Vivienne,Clement,vivienne.clement@example.com
Alessio,Guerin,alessio.guerin@example.com
Eemil,Jokela,eemil.jokela@example.com
Carlos,Perkins,carlos.perkins@example.com
Liara,Duarte,liara.duarte@example.com
Theo,Lavigne,theo.lavigne@example.com
Arvid,Moe,arvid.moe@example.com
Dominic,Bouchard,dominic.bouchard@example.com
Reginaldo,Jesus,reginaldo.jesus@example.com
Leroy,Palmer,leroy.palmer@example.com
Stephan,Fabre,stephan.fabre@example.com
Lenni,Makinen,lenni.makinen@example.com
Queija,Monteiro,queija.monteiro@example.com
Kadir,Akaydın,kadir.akaydin@example.com
Noah,Madsen,noah.madsen@example.com
Lidia,Hernandez,lidia.hernandez@example.com
Luise,Perrin,luise.perrin@example.com
Inmaculada,Gutierrez,inmaculada.gutierrez@example.com
Rudolph,Rosin,rudolph.rosin@example.com
Isobel,Wilson,isobel.wilson@example.com
Bettina,Rey,bettina.rey@example.com
Olivier,Asbjørnsen,olivier.asbjornsen@example.com
پوریا,مرادی,pwry.mrdy@example.com
Molly,Jensen,molly.jensen@example.com
Nicky,Stevens,nicky.stevens@example.com
Francisca,Gutierrez,francisca.gutierrez@example.com
آدرین,حسینی,adryn.hsyny@example.com
Silvia,Alvarez,silvia.alvarez@example.com
Mimoun,Van Wolfswinkel,mimoun.vanwolfswinkel@example.com
Ceylan,Ozansoy,ceylan.ozansoy@example.com
Mestan,Sinanoğlu,mestan.sinanoglu@example.com
Caithlin,Van Muijden,caithlin.vanmuijden@example.com
Nalan,Tokatlıoğlu,nalan.tokatlioglu@example.com
Willie,Roberts,willie.roberts@example.com
Brandon,Howard,brandon.howard@example.com
Alvilde,Hage,alvilde.hage@example.com
Ceyhun,Kurutluoğlu,ceyhun.kurutluoglu@example.com
Xavier,Thompson,xavier.thompson@example.com
آیلین,احمدی,aylyn.hmdy@example.com
Josh,Meehan,josh.meehan@example.com
Hans-Otto,Fürst,hans-otto.furst@example.com
Luka,Robert,luka.robert@example.com
Brett,Berry,brett.berry@example.com
Tevin,Weber,tevin.weber@example.com
Wyatt,Barnes,wyatt.barnes@example.com
Aleksandra,Wennevold,aleksandra.wennevold@example.com
Helena,Velten,helena.velten@example.com
Roland,Shaw,roland.shaw@example.com
Serena,Perrin,serena.perrin@example.com
Guy,Hopkins,guy.hopkins@example.com
Sebastian,Kramer,sebastian.kramer@example.com
Madalena,Teixeira,madalena.teixeira@example.com
Amir,Meisingset,amir.meisingset@example.com
Joe,Sullivan,joe.sullivan@example.com
Ismael,Duran,ismael.duran@example.com
Roberto,Stanley,roberto.stanley@example.com
Ayşe,Erberk,ayse.erberk@example.com
علی,كامياران,aaly.kmyrn@example.com
Rayan,Martinez,rayan.martinez@example.com
Pierre,Joly,pierre.joly@example.com
Kenzi,Perry,kenzi.perry@example.com
Jorge,Alonso,jorge.alonso@example.com
Kelen,da Cruz,kelen.dacruz@example.com
Jorge,Dupont,jorge.dupont@example.com
Alicia,Moya,alicia.moya@example.com
Aatu,Polon,aatu.polon@example.com
Romilda,Freitas,romilda.freitas@example.com
Mia,Clarke,mia.clarke@example.com
Cecil,Perry,cecil.perry@example.com
Nellie,Sharif,nellie.sharif@example.com
Monica,Nelson,monica.nelson@example.com
Elizabeth,Côté,elizabeth.cote@example.com
Alexander,Martin,alexander.martin@example.com
Theres,Freytag,theres.freytag@example.com
Emília,Porto,emilia.porto@example.com
Peetu,Salo,peetu.salo@example.com
Emanuela,Bertrand,emanuela.bertrand@example.com
Oğuzhan,Aybar,oguzhan.aybar@example.com
Noham,Dufour,noham.dufour@example.com
Mikel,Bonnes,mikel.bonnes@example.com
Mehmet,Ekici,mehmet.ekici@example.com
Peetu,Couri,peetu.couri@example.com
Martial,Adam,martial.adam@example.com
Zoé,Garnier,zoe.garnier@example.com
Emmanuel,Pierre,emmanuel.pierre@example.com
Mattis,Kjær,mattis.kjaer@example.com
Lauri,Pulli,lauri.pulli@example.com
Laurine,Charles,laurine.charles@example.com
Rafik,Rockx,rafik.rockx@example.com
Ernest,Hansen,ernest.hansen@example.com
Jon,James,jon.james@example.com
Hubertine,Klapper,hubertine.klapper@example.com
Anton,Vincent,anton.vincent@example.com
Milton,Thompson,milton.thompson@example.com
Sofie,Møller,sofie.moller@example.com
Owen,Grewal,owen.grewal@example.com
Scarlett,Richards,scarlett.richards@example.com
Lígia,Fernandes,ligia.fernandes@example.com
اميرمحمد,حسینی,myrmhmd.hsyny@example.com
Gaëtan,Da Silva,gaetan.dasilva@example.com
Vedat,Poçan,vedat.pocan@example.com
Marta,Guerrero,marta.guerrero@example.com
Marko,Bannink,marko.bannink@example.com
Seth,Baker,seth.baker@example.com
Ismet,Benard,ismet.benard@example.com
